{
    "dist": [
        [
            -0.2536971231793221,
            0.053937633563935404,
            -0.0004297851152789989,
            -0.00014989725962966148,
            -0.16525517861016933
        ]
    ],
    "mtx": [
        [
            1159.1151553107106,
            0.0,
            668.881325974104
        ],
        [
            0.0,
            1156.127930691671,
            388.12058702832235
        ],
        [
            0.0,
            0.0,
            1.0
        ]
    ]
}